prompt,chosen,rejected,template_id,topic,model,generation_timestamp,prompt_hash,finish_reason,usage_input_tokens,usage_output_tokens,cr_jaccard,audit_verdict,audit_note
How do I retrieve the names of all customers who have placed more than three orders from the 'customers' and 'orders' tables?,"First, I need to join the 'customers' table with the 'orders' table on the customer ID. Then, I will group the results by customer name and count the number of orders for each customer. Next, I will apply a HAVING clause to filter for customers with more than three orders. Finally, I will select the distinct customer names from the filtered results.","To start, I will join the 'customers' table with the 'orders' table on the customer ID. After that, I need to group the results by customer ID and count the number of orders for each customer. Then, I will use a WHERE clause to filter for customers with more than three orders. Lastly, I will select the customer names from the resulting set.",T2,SQL queries,gpt-4o-mini,2026-04-22T05:10:13Z,6673659d8032e08866840932b65f6f1f,stop,205,187,0.6666666666666666,m,
What steps would you take to choose the appropriate indexing strategy for a database table that frequently experiences read-heavy operations?,"To choose the appropriate indexing strategy for a read-heavy database table, first, analyze the query patterns to identify which columns are most frequently used in WHERE clauses or JOIN conditions. Next, consider creating B-tree indexes on those columns, as they are efficient for range queries. Then, evaluate the potential use of composite indexes if multiple columns are often queried together. Lastly, monitor the query performance and adjust your indexing strategy based on the results, possibly adding or removing indexes as necessary to optimize read performance.","To choose the appropriate indexing strategy for a read-heavy database table, first, check which columns are involved in SELECT statements. Next, apply a hash index to improve lookup times since they are faster for equality checks. Then, consider creating B-tree indexes on any columns that are grouped or ordered. Lastly, ensure to regularly update the indexes based on the frequency of data changes to maintain performance.",T2,database indexing,gpt-4o-mini,2026-04-22T05:10:03Z,ae6020bbc9373fbc5e42e2e48885fe4d,stop,205,207,0.3152173913043478,y,
How can I retrieve the names of customers who have placed more than two orders from the 'customers' and 'orders' tables?,"First, I will join the 'customers' table with the 'orders' table using the customer ID. Next, I will group the results by customer name to aggregate their orders. Then, I will count the number of orders for each customer. Finally, I will filter the grouped results to only include customers with more than two orders using the HAVING clause.","To start, I will join the 'customers' table with the 'orders' table using the customer ID. After that, I will group the results by customer name to sum their orders. Then, I will count the number of orders for each customer. Finally, I will filter the grouped results to include only those customers with more than two orders using the WHERE clause.",T2,SQL queries,gpt-4o-mini,2026-04-22T05:13:17Z,3bedecfaac8b7c7da1358102a1c3abb7,stop,205,182,0.782608695652174,m,
"A sorting algorithm takes significantly longer to execute on sorted input compared to random input, which is unexpected behavior.","The issue lies in the algorithm's design, specifically its choice of pivot in quicksort. The fix is to implement a median-of-three approach for pivot selection, ensuring better performance on already sorted inputs.","The slowdown might be due to inefficient memory usage during the sort process. A potential fix could be to increase the allocated memory for the algorithm, which might alleviate some symptoms but won't solve the fundamental issue with the pivot selection.",T4,algorithm complexity,gpt-4o-mini,2026-04-22T05:09:00Z,82b80a21d02e0346ca815911e3565ec1,stop,204,114,0.1320754716981132,y,
"A developer encounters an issue where their web application crashes when a user uploads a large image file, but it works fine with smaller files.","The issue is likely due to the server's configuration limiting the maximum upload size. To fix this, the developer should adjust the 'upload_max_filesize' and 'post_max_size' settings in the server's PHP configuration file to allow for larger uploads, then restart the server to apply the changes.","The problem could be attributed to insufficient memory allocation for the application. A potential fix would be to increase the memory limit in the server's configuration, but this may not resolve the underlying issue of file size restrictions.",T4,debugging strategies,gpt-4o-mini,2026-04-22T05:10:30Z,23148c34b747c12012fe07c658cd5a9e,stop,204,138,0.1428571428571428,y,
How would you write a SQL query to find the names of all employees who have a higher salary than the average salary of their department?,"First, you need to calculate the average salary for each department. This can be done using the AVG function in a GROUP BY clause. Then, you can use a subquery to compare each employee's salary to their department's average. Finally, select the names of those employees whose salaries exceed the average for their department. The final query would look like this: SELECT name FROM employees WHERE salary > (SELECT AVG(salary) FROM employees WHERE department_id = employees.department_id);","Begin by calculating the average salary of all employees in the company using the AVG function. Then, you’ll need to compare each employee's salary to the overall average salary. However, this approach does not focus on department-specific averages. After that, select the names of employees whose salaries are above this average. The final query would incorrectly look like this: SELECT name FROM employees WHERE salary > (SELECT AVG(salary) FROM employees);",T2,SQL queries,gpt-4o-mini,2026-04-22T05:07:58Z,dd4205958f0235408e597d2b8ece92bf,stop,205,219,0.4285714285714285,y,
"A developer is experiencing an issue where their application crashes when trying to connect to a database, but it only happens under heavy load. They are unsure why it occurs intermittently.","The issue is likely due to a connection pool limit being reached under heavy load, causing the application to crash when it tries to acquire more connections than available. To fix this, increase the maximum number of connections in the connection pool settings, ensuring that the application can handle the load effectively without crashing.","The problem might be related to a memory leak in the application, which could cause crashes during peak loads. However, simply optimizing memory usage may not resolve the underlying issue of the database connection limits being exceeded, leading to similar crashes.",T4,debugging strategies,gpt-4o-mini,2026-04-22T05:06:52Z,64de2b9a8003cba99518d986e65e05a4,stop,204,149,0.1142857142857142,y,
What are the best practices for versioning a REST API?,"The best practices for versioning a REST API include using a version number in the URL (e.g., /api/v1/resource) or in the request headers. It's also important to maintain backward compatibility, allowing clients to continue using older versions while new features are introduced. Additionally, clearly documenting the changes and providing a deprecation policy helps ensure a smooth transition for users.","Best practices for versioning a REST API typically involve including a version number in the URL (e.g., /v1/resource) or within the request headers. Maintaining backward compatibility is essential, but some APIs only support the latest version, which can simplify management. It's also crucial to document changes, although a deprecation policy is not always necessary if clients are notified.",T1,REST API design,gpt-4o-mini,2026-04-22T05:10:33Z,2db01463b1a2c2ea9c1f038cd84f5137,stop,232,169,0.3076923076923077,y,
"A sorting algorithm that is expected to run in O(n log n) time shows O(n^2) performance on larger datasets, leading to significant delays in execution.","The issue likely arises from the algorithm falling back to inefficient behavior due to the input data's characteristics, such as nearly sorted arrays. To fix this, you can implement a hybrid approach that switches to insertion sort for small subarrays, improving efficiency while maintaining O(n log n) time complexity for larger datasets.","The observed performance could be attributed to an overhead in memory management when handling large datasets. While optimizing memory allocation may improve performance, it does not address the algorithm's inherent complexity and will not guarantee the desired O(n log n) time in all scenarios.",T4,algorithm complexity,gpt-4o-mini,2026-04-22T05:07:21Z,92453cb853f449065eac4b434aa00fae,stop,204,153,0.1184210526315789,y,
How would you write a SQL query to find the average order amount from the 'orders' table for customers in the 'customers' table who live in 'New York'?,"First, I will join the 'orders' table with the 'customers' table on the customer ID. Next, I will filter the results to include only those customers whose city is 'New York'. Then, I will select the order amounts from the filtered results. Finally, I will use the AVG() function to calculate the average of these order amounts.","I will start by selecting data from the 'customers' table. Then, I will join the 'orders' table using the customer ID. After that, I will filter for customers living in 'New York'. Finally, I will calculate the total sum of the order amounts and divide it by the count of orders to get the average.",T2,SQL queries,gpt-4o-mini,2026-04-22T05:11:08Z,bdff6d85a1c5eeba4a47d37f88d2e458,stop,205,182,0.3442622950819672,y,
What are the key principles of REST API design that ensure scalability and maintainability?,"The key principles of REST API design include statelessness, where each request from a client contains all the information needed for the server to fulfill it, and resource-based URIs, which promote a clear separation of resources. Additionally, leveraging standard HTTP methods like GET, POST, PUT, and DELETE allows for intuitive operations on resources. These principles collectively enhance scalability by allowing servers to handle requests independently and promote maintainability through standardization and simplicity.","The key principles of REST API design include statelessness, meaning the server retains the state of the client across requests, and resource-based URIs, which help in organizing resources clearly. Using standard HTTP methods like GET, POST, and DELETE is important for defining operations on resources. These principles help ensure scalability and make the API easier to maintain over time.",T1,REST API design,gpt-4o-mini,2026-04-22T05:06:56Z,f9c918516e73abf9d156e696396efcff,stop,232,185,0.3625,y,
"What are the steps to create a B-tree index for a database table, and what are the advantages of using this indexing method?","To create a B-tree index, first, analyze the column or columns that will benefit from indexing based on query patterns. Next, choose a suitable page size for the B-tree nodes to optimize disk I/O. Then, build the B-tree structure by inserting keys from the indexed columns while maintaining sorted order within each node. Finally, balance the tree to ensure that all leaf nodes are at the same depth. The advantages of using a B-tree index include efficient retrieval of records, support for range queries, and dynamic resizing to accommodate inserts and deletes.","To create a B-tree index, begin by identifying the columns that will be indexed to improve query performance. Next, select a page size for the B-tree that allows for maximum storage efficiency. After that, construct the B-tree by inserting the keys in sorted order, which helps maintain the structure. Subsequently, it's crucial to optimize the height of the tree, but balancing it is not always necessary. The benefits of B-tree indexing include faster search times and reduced disk accesses, but it may lead to slower insert times due to tree rebalancing.",T2,database indexing,gpt-4o-mini,2026-04-22T05:14:38Z,b1dfc424329b92c5f49dbd6c889328ef,stop,205,254,0.2280701754385964,y,
"I am trying to push my changes to a remote repository, but I am getting an error message that says 'failed to push some refs to...'. What does this mean?","This error typically occurs when your local branch is behind the remote branch. To fix it, you should first pull the latest changes from the remote repository using 'git pull', resolve any merge conflicts if they arise, and then try pushing again with 'git push'.","This message might suggest that there is a problem with your local repository configuration. However, instead of checking the remote settings, you should focus on resetting your local branch to match the remote branch using 'git reset --hard origin/main', but this could lead to losing local changes.",T4,version control with Git,gpt-4o-mini,2026-04-22T05:07:50Z,d26441db25a8288435a89f55395e4434,stop,208,153,0.2121212121212121,y,
What are the key differences between lists and tuples in Python?,"Lists in Python are mutable, meaning that their contents can be changed after creation, while tuples are immutable, which means they cannot be altered. Additionally, lists are defined using square brackets, like `my_list = [1, 2, 3]`, whereas tuples use parentheses, such as `my_tuple = (1, 2, 3)`. This immutability of tuples makes them a suitable choice for fixed collections of items that should not change.","Lists and tuples in Python are both used to store collections of items, but lists are immutable and tuples are mutable. Lists can be created with square brackets, like `my_list = [1, 2, 3]`, while tuples are created with parentheses, like `my_tuple = (1, 2, 3)`. The primary distinction is that tuples can be changed after creation, making them less flexible than lists.",T1,Python programming,gpt-4o-mini,2026-04-22T05:09:08Z,24204e0cd276dca421da2f919700837c,stop,229,203,0.3552631578947368,n,
How can I retrieve the names of all employees who have worked on project 'X' and have a salary greater than 50000 from the 'employees' and 'projects' tables?,"First, I will join the 'employees' table with the 'projects' table using the employee ID. Next, I will filter the results to include only those rows where the project name is 'X'. Then, I will apply a condition to ensure the employee's salary is greater than 50000. Finally, I will select the names of the employees from this filtered result set.","To begin, I will join the 'employees' table with the 'projects' table using the employee ID. After that, I will filter the results where the project name equals 'X'. I will then select all records from the 'employees' table, regardless of the salary condition. Lastly, I will extract the names of the employees from this result set, which might include some incorrect entries.",T2,SQL queries,gpt-4o-mini,2026-04-22T05:12:41Z,418cefdc3621b88c4f11fd9b87860843,stop,205,203,0.4285714285714285,y,
How can I retrieve the names of all employees who have a salary greater than the average salary of their department in an SQL database?,"To solve this, first, calculate the average salary for each department using the AVG() function and GROUP BY department_id. Next, create a subquery that selects the average salary per department. Then, join this subquery with the employees table on department_id. Finally, filter the results where the employee's salary is greater than the average salary from the subquery using a WHERE clause.","To achieve this, first, use the AVG() function to calculate the average salary for each department, grouping by department_id. Then, join the employees table with the average salary results. After that, use a WHERE clause to filter for employees with salaries less than the average salary. Lastly, select the names of these employees to get your final result.",T2,SQL queries,gpt-4o-mini,2026-04-22T05:07:37Z,e198b8ae2733933882c7128c1966edce,stop,205,183,0.3492063492063492,m,
How do I implement a basic distributed key-value store using Redis in Python?,"To implement a simple distributed key-value store using Redis in Python, you can use the `redis-py` library. First, install the library with `pip install redis`. Here’s a basic example: 

```python
import redis

# Connect to a Redis server running on localhost at port 6379
r = redis.Redis(host='localhost', port=6379, db=0)

# Store a key-value pair
r.set('key1', 'value1')

# Retrieve the value
value = r.get('key1')
print(value.decode('utf-8'))  # Output: value1
```","To create a distributed key-value store using Redis in Python, you can use the `redis-py` library. Install it by running `pip install redis`. Here’s an example:

```python
import redis

# Connect to the Redis server
r = redis.Redis(host='localhost', port=6379)

# Store a key-value pair
r.set('key1', 'value1')

# Retrieve the value
value = r.get('key1')
print(value)  # Output: value1
```

(Note: `value` needs to be decoded for a string output.)",T3,distributed systems,gpt-4o-mini,2026-04-22T05:13:29Z,57af06438601537926de87e2580c1b11,stop,214,293,0.5757575757575758,m,
How would you determine the appropriate indexing strategy for a large database with frequent read and occasional write operations?,"To determine the appropriate indexing strategy, first, assess the query patterns to identify which columns are most frequently used in search filters or joins. Next, consider implementing a B-tree index on those columns to allow for efficient retrieval of data. Additionally, analyze the size of the dataset to determine whether a clustered index might improve performance further by physically reordering the data. Finally, consider the impact of write operations; for a database with occasional writes, ensure that the added indexes won't significantly degrade performance during these operations.","To determine the appropriate indexing strategy, start by analyzing the query patterns to find which columns are commonly used in filters. Next, implement a hash index on these columns, as it can provide faster lookups. However, it's important to note that hash indexes do not support range queries, which may be overlooked for some use cases. Finally, consider the write operations and assume that adding more indexes will not affect performance, which might lead to issues down the line.",T2,database indexing,gpt-4o-mini,2026-04-22T05:12:26Z,366d4510f8d472f9dfea1f78d0717227,stop,205,221,0.2407407407407407,y,
What are the key principles to follow when designing a RESTful API?,"When designing a RESTful API, it's essential to adhere to several key principles: use stateless communication, structure your API around resources identified by URIs, and utilize standard HTTP methods (GET, POST, PUT, DELETE) according to their intended purpose. Additionally, ensuring consistent use of HTTP status codes can help clients understand the result of their requests. Proper documentation and versioning are also critical for maintaining usability and compatibility over time.","Key principles for designing a RESTful API include using stateless communication, structuring your API around resources identified by URIs, and using standard HTTP methods like GET, POST, and DELETE. It's important to ensure that the API is easy to use and that each resource has a unique URI. However, REST APIs do not require versioning, as they are inherently designed to be stable and backward-compatible.",T1,REST API design,gpt-4o-mini,2026-04-22T05:07:17Z,8c896ea4dbf81ab525942b43219bb111,stop,232,190,0.2608695652173913,y,
What steps should you take to properly initialize the weights of a neural network to ensure effective training?,"1. Start by choosing an appropriate weight initialization method, such as Xavier initialization for sigmoid activations or He initialization for ReLU activations. 2. Set the weights to small random values to break symmetry, ensuring that neurons learn different features during training. 3. Use a random seed for reproducibility, making it easier to troubleshoot and compare results. 4. Optionally, consider adding a small bias term that can help the model learn offsets, improving overall convergence. 5. Monitor the loss during training; if it diverges, revisit the initialization strategy or consider adjusting the learning rate.","1. Begin with a weight initialization method like Xavier or He initialization based on the activation functions used. 2. Initialize the weights to large random values to ensure that all neurons learn effectively from the start. 3. Use a random seed for better reproducibility when training the model. 4. Adding a small bias term can help the model capture offsets, enhancing learning. 5. Observe the training loss; if it remains steady, then it indicates proper weight initialization.",T2,neural network training,gpt-4o-mini,2026-04-22T05:12:15Z,428dc428c3d9c60b9079b343a5f8dd2f,stop,207,244,0.3047619047619048,y,
